
/*!40101 SET @OLD_CHARACTER_SET_CLIENT=@@CHARACTER_SET_CLIENT */;
/*!40101 SET @OLD_CHARACTER_SET_RESULTS=@@CHARACTER_SET_RESULTS */;
/*!40101 SET @OLD_COLLATION_CONNECTION=@@COLLATION_CONNECTION */;
/*!40101 SET NAMES utf8mb4 */;
/*!40103 SET @OLD_TIME_ZONE=@@TIME_ZONE */;
/*!40103 SET TIME_ZONE='+00:00' */;
/*!40014 SET @OLD_UNIQUE_CHECKS=@@UNIQUE_CHECKS, UNIQUE_CHECKS=0 */;
/*!40014 SET @OLD_FOREIGN_KEY_CHECKS=@@FOREIGN_KEY_CHECKS, FOREIGN_KEY_CHECKS=0 */;
/*!40101 SET @OLD_SQL_MODE=@@SQL_MODE, SQL_MODE='NO_AUTO_VALUE_ON_ZERO' */;
/*!40111 SET @OLD_SQL_NOTES=@@SQL_NOTES, SQL_NOTES=0 */;

/*!40000 DROP DATABASE IF EXISTS `jobsity`*/;

CREATE DATABASE /*!32312 IF NOT EXISTS*/ `jobsity` /*!40100 DEFAULT CHARACTER SET utf8mb4 */;

USE `jobsity`;
DROP TABLE IF EXISTS `entries`;
/*!40101 SET @saved_cs_client     = @@character_set_client */;
/*!40101 SET character_set_client = utf8 */;
CREATE TABLE `entries` (
  `id` bigint(20) unsigned NOT NULL AUTO_INCREMENT,
  `title` varchar(255) COLLATE utf8mb4_unicode_ci NOT NULL,
  `content` longtext COLLATE utf8mb4_unicode_ci NOT NULL,
  `user_id` bigint(20) unsigned NOT NULL,
  `created_at` timestamp NULL DEFAULT NULL,
  `updated_at` timestamp NULL DEFAULT NULL,
  PRIMARY KEY (`id`),
  KEY `entries_user_id_foreign` (`user_id`),
  CONSTRAINT `entries_user_id_foreign` FOREIGN KEY (`user_id`) REFERENCES `users` (`id`)
) ENGINE=InnoDB AUTO_INCREMENT=72 DEFAULT CHARSET=utf8mb4 COLLATE=utf8mb4_unicode_ci;
/*!40101 SET character_set_client = @saved_cs_client */;

LOCK TABLES `entries` WRITE;
/*!40000 ALTER TABLE `entries` DISABLE KEYS */;
INSERT INTO `entries` VALUES (1,'Minus non id illum harum.','Molestiae fuga explicabo voluptatibus et ullam est vero. Accusamus quos ratione et ea. Exercitationem consectetur consectetur inventore maxime. Ipsa fugit eligendi minima porro numquam.\n\nVoluptatibus omnis placeat ut doloremque accusamus. Quos modi dolores et in. Aspernatur sed numquam placeat.\n\nEos enim maxime et autem autem quisquam vel. Voluptatem perspiciatis esse doloribus sit aperiam. Possimus aliquid et asperiores numquam eaque. Magni quas neque adipisci.',1,'2019-10-22 06:59:16','2019-10-22 06:59:16'),(2,'Eligendi consequatur aliquam repellat quis.','Vel aut quia iure facilis id. Eveniet quibusdam voluptate ut corrupti quo. Sed qui quo corrupti quo dolore blanditiis. Quia distinctio incidunt distinctio quia ut necessitatibus quas.\n\nEst vel id placeat distinctio quia. Mollitia provident distinctio quia velit aut fuga quo. Ipsa omnis earum reiciendis et exercitationem nihil vitae. Consequatur est architecto sit. Eaque nostrum iure explicabo architecto.\n\nDolores id impedit fuga cum dolorem eveniet. Accusantium autem eum tempora id nam et. Possimus quisquam quia omnis laudantium.',2,'2019-10-22 06:59:17','2019-10-22 06:59:17'),(3,'Mollitia praesentium sit corrupti ab similique.','Nobis tenetur et aliquam animi voluptatem laudantium similique. Veniam vel aut corporis totam. Rem laboriosam repudiandae rem officia incidunt. Dignissimos saepe est id dolor voluptas.\n\nDistinctio ut minus animi. Atque aliquid sed sequi odit enim. Laborum est reiciendis praesentium non delectus veritatis.\n\nAut et voluptas ex aut sit quas ad sit. Expedita illum adipisci distinctio aliquam. Alias enim aut quae possimus non.\n\nVel voluptate perspiciatis voluptates. Similique quam nihil sapiente dignissimos nisi in. Autem quia deserunt est voluptatibus tempore quos.',2,'2019-10-22 06:59:18','2019-10-22 06:59:18'),(4,'Ut soluta reiciendis nulla perspiciatis rem qui vel alias.','Omnis similique quos nam recusandae qui harum. Praesentium ullam voluptatum quidem dolores voluptatibus. Corporis cumque inventore facere ipsam est.\n\nOmnis minus saepe rem sunt et voluptatem repellat cum. Aliquid animi laudantium occaecati mollitia ut laborum architecto. Eveniet illo illum id facilis dignissimos rerum. Et possimus eveniet consequatur labore. Maiores quaerat voluptatem sed aspernatur fugit.\n\nQui eius corporis repudiandae possimus praesentium est totam. Autem qui architecto dolor ut. Est soluta ullam perspiciatis animi quos vel.',2,'2019-10-22 06:59:19','2019-10-22 06:59:19'),(5,'Dolor suscipit consequuntur cumque omnis distinctio id asperiores.','Qui sint perspiciatis consequatur nihil qui et dolor. Est qui dolorem officiis sint aperiam. Dolor aut maiores eveniet dolorum qui asperiores.\n\nConsequatur beatae in molestiae. Aperiam qui sed quas sed. Amet dignissimos autem molestias qui debitis dolor. Sequi sed aut non in.',2,'2019-10-22 06:59:20','2019-10-22 06:59:20'),(6,'Fugit qui eius quibusdam molestiae.','Corrupti consequuntur laboriosam est animi. Blanditiis odit odio facilis nostrum commodi doloremque.\n\nDolor et dolorem sint et praesentium sint. Aut qui sed architecto corporis dolor mollitia perferendis perferendis. Nobis rem quibusdam blanditiis qui placeat enim.\n\nNon deserunt eum labore incidunt. Aut cum sit exercitationem ea vel in ea neque. Excepturi odio eum rerum. Consequatur nihil tempora odit perferendis.',3,'2019-10-22 06:59:21','2019-10-22 06:59:21'),(7,'Aliquid vel quo praesentium quis.','Minima aspernatur dolores harum in. Ab molestias voluptatem corporis aliquam veritatis. Distinctio ut ea autem numquam itaque impedit adipisci alias. Maxime perspiciatis sint et in.\n\nSuscipit minus delectus laboriosam dolorum exercitationem qui inventore. Ullam ratione enim sit voluptates. Est fuga facere dolores a officiis id. Vitae ipsam fugiat ex omnis.\n\nEst soluta asperiores velit et. Laborum repellat culpa qui omnis iste omnis.',3,'2019-10-22 06:59:22','2019-10-22 06:59:22'),(8,'Quo et accusamus est possimus ipsa.','Ab voluptatem qui ut. Impedit delectus impedit sit eius nesciunt inventore sit. Vel dolore et architecto libero placeat tempore omnis. Vero ut nihil rem libero qui.\n\nNihil dolorem omnis quis quis corporis quo. Qui et placeat ea rem. Ea assumenda quis nesciunt facere consequatur autem natus. Omnis vero voluptatum dolor ut impedit.\n\nQuaerat eos et voluptatem sit omnis. Cum eaque voluptatem eum quo dicta quis. Ut ut ex voluptatem ipsum ut assumenda. Soluta veniam error saepe suscipit voluptas aut sed et. Quisquam amet consequatur qui est ut sint voluptates.\n\nAdipisci voluptatibus qui error repudiandae. At perspiciatis placeat ut quasi labore maiores est. Laborum corporis molestiae assumenda officiis.',3,'2019-10-22 06:59:23','2019-10-22 06:59:23'),(9,'Ipsum et eum et soluta laudantium laborum dolor cupiditate.','Et dolor quia voluptate aliquid iure. Illo eligendi et rem accusamus ullam debitis. Tenetur occaecati et delectus occaecati sit sint voluptatem.\n\nSit dignissimos explicabo et ex animi. Officiis officiis alias ut corrupti libero. Id commodi aut nemo est sit est.\n\nSed non placeat consequuntur nemo illum necessitatibus. Officiis soluta quia adipisci perferendis laborum qui. Dolores iusto quae sequi molestiae voluptatem ut officia. Saepe aut alias in mollitia eius necessitatibus quis.\n\nHarum et sed velit culpa aliquam modi. Eum officiis quia doloremque sunt nisi sed. Aut qui debitis doloribus dicta. Veniam consectetur dolorum sed dolorem perspiciatis.',3,'2019-10-22 06:59:24','2019-10-22 06:59:24'),(10,'Repudiandae perspiciatis tempore omnis dolores dolorum quia ut.','In voluptate animi quasi voluptatem. Consectetur enim deleniti earum. Ea consequatur reiciendis enim voluptas ullam deserunt quam. Eaque accusantium laudantium id blanditiis.\n\nOptio omnis cupiditate suscipit cumque quo molestias. Omnis culpa blanditiis veritatis dolorum autem. Iste tempore modi neque est excepturi voluptatem in laboriosam.\n\nImpedit ut fugiat architecto. Ea eius qui animi repellendus similique laborum totam. Iure modi asperiores optio quibusdam reprehenderit similique.',4,'2019-10-22 06:59:25','2019-10-22 06:59:25'),(11,'Quo aliquid aut nam consequuntur atque.','Maxime dolore est dignissimos doloribus delectus voluptatem. In corrupti cupiditate commodi fuga. Molestiae sunt excepturi eaque est ut. Nemo sit quis repudiandae accusamus accusamus sunt.\n\nSequi eum quo incidunt non. Ipsa vero est qui consequatur ex qui.\n\nCorrupti quam fuga odit temporibus ullam modi aliquid sit. Nulla et sint aliquid temporibus. Autem nam quis nobis aliquam non exercitationem ullam.',4,'2019-10-22 06:59:26','2019-10-22 06:59:26'),(12,'Quos sequi praesentium voluptas et.','Iste repellat tempore ea tenetur quisquam. Voluptas aut repudiandae laboriosam illo tenetur doloribus. Et possimus est non quo cumque et voluptas. Numquam nam repellendus vel aut.\n\nModi dolor voluptatem magnam assumenda aut qui fuga. Quia temporibus modi quis. Assumenda doloribus id et excepturi. Possimus unde voluptas rerum sit sunt repudiandae sint.\n\nDolore neque temporibus officia qui nesciunt consequatur possimus. Et voluptatum eaque dolorem assumenda rerum distinctio dolore quia. Ut aut et velit expedita sed recusandae. Ab nihil nesciunt ea reprehenderit molestiae.',4,'2019-10-22 06:59:27','2019-10-22 06:59:27'),(13,'Tenetur ut at quos.','Deleniti voluptatum non iste nostrum labore dolorum. Quibusdam et repellat illo. Fuga molestiae labore illum reprehenderit.\n\nAut eum at reiciendis culpa praesentium occaecati sequi. Aut voluptas qui explicabo molestiae explicabo. Dolore perspiciatis accusantium in laudantium.',5,'2019-10-22 06:59:28','2019-10-22 06:59:28'),(14,'At sed vel voluptatem officiis id.','Aut ipsum laborum omnis qui iure. Error molestias perferendis recusandae. Et nemo impedit consectetur esse et dolor qui. Eum in quis ut voluptatem doloremque non.\n\nDistinctio mollitia dignissimos consequatur aut optio repellendus non. Error inventore est ea et. Alias qui labore eveniet et. Neque architecto rerum autem iure voluptatem et perspiciatis.',5,'2019-10-22 06:59:29','2019-10-22 06:59:29'),(15,'Eaque voluptas aut fugit beatae unde.','Beatae aut sed unde aut. Ut quae qui voluptas rerum. Aut fugiat a rerum cumque non est aut. Nihil nam et sunt architecto molestiae reiciendis enim.\n\nSapiente laboriosam doloremque architecto. Neque itaque deserunt rerum exercitationem cum. Quibusdam quod voluptatibus nihil accusamus culpa. Non optio aperiam ipsa tempora dolor modi quae a.',5,'2019-10-22 06:59:30','2019-10-22 06:59:30'),(16,'Facere minus recusandae delectus.','Minus aut culpa commodi eos quam perspiciatis rerum voluptatem. Vel et sed omnis deserunt sed quis. Libero qui libero est veniam et voluptatem enim similique. Quo illo voluptate delectus voluptatem molestiae ut.\n\nRecusandae exercitationem tenetur voluptatem rem fugit adipisci est fuga. Nesciunt sed quidem pariatur. Vel aut qui illum illo nulla aspernatur consectetur. Amet occaecati repudiandae ea quasi autem.\n\nQuisquam consequuntur deleniti fuga non. Molestiae explicabo nisi aut fugit voluptatem enim. Alias ipsam suscipit culpa expedita accusamus illo nulla.',6,'2019-10-22 06:59:31','2019-10-22 06:59:31'),(17,'Commodi qui vero et nihil quam illum rerum.','Dolores delectus blanditiis quisquam ea est aspernatur. Dolorem voluptatum voluptatem facere voluptatem iste laudantium. Est necessitatibus ut quo autem. Velit iure similique ratione aliquam.\n\nSunt exercitationem velit sed mollitia. Eveniet dolorum asperiores culpa sint voluptas ut ratione. Ut et qui in alias.\n\nQui et dolor at eligendi molestiae et. Alias id sed dolorum. Nobis voluptatem asperiores dolore vero sunt quia.',6,'2019-10-22 06:59:32','2019-10-22 06:59:32'),(18,'Consequatur quae nisi cumque impedit et veritatis quis.','Voluptatem sunt temporibus repellat nulla pariatur. Deserunt perferendis non aperiam qui rerum vitae voluptate voluptatum. Amet et omnis non reprehenderit sed nobis. Ut sapiente magni velit ad repellendus hic fugit.\n\nRepellat veritatis quo dignissimos fugit. Hic facilis qui ipsum. Aut omnis eius dolorem dolor cumque ad. Deleniti amet quod totam laboriosam.',6,'2019-10-22 06:59:33','2019-10-22 06:59:33'),(19,'Et autem qui tempore facilis error adipisci.','Et ipsam quisquam aut voluptas laborum laudantium. Quam assumenda et beatae. Repudiandae sed ducimus distinctio voluptatem.\n\nMolestias occaecati corrupti reiciendis earum illo. Magni magni ipsam laudantium quis velit enim et. Consequatur accusamus est dolor qui et cumque.\n\nIn minima blanditiis magni quis ad eum necessitatibus. Aperiam unde officiis et consequatur rerum harum placeat. Rem quis vel optio hic repellendus tenetur nemo. Enim aut voluptates velit voluptatum iure mollitia.\n\nVero modi minus dolore aut vel quae ullam. Voluptatum aut culpa ut. Voluptate voluptas eveniet nisi dolor.',6,'2019-10-22 06:59:34','2019-10-22 06:59:34'),(20,'Earum est sit dolor sunt.','Qui quo soluta repudiandae nisi molestiae dolorem eaque. Non excepturi deserunt error ab rerum. Aut voluptatem eum doloremque debitis.\n\nVoluptatem magni quae incidunt aut reprehenderit et. Eligendi rem neque doloribus facere non odio. Quis quisquam officia debitis.\n\nQuidem molestias porro in consectetur. Eligendi dolores aliquam repellat. Et est dolores et dignissimos magnam.',6,'2019-10-22 06:59:35','2019-10-22 06:59:35'),(21,'Nisi ratione magnam suscipit porro non ullam.','Rerum omnis quam saepe voluptatem. Sed nihil nam aut. Enim aliquam quisquam dolore consequatur.\n\nQui doloremque et est enim. Et numquam dolore consequatur explicabo. Qui qui illo eum. Minus sed dolor dolores adipisci at ad.\n\nMagni officia nostrum et illum. Eum hic voluptatem assumenda. Aut quibusdam repudiandae cumque qui molestias. Quisquam et qui necessitatibus est qui voluptas possimus.',7,'2019-10-22 06:59:36','2019-10-22 06:59:36'),(22,'Impedit consequuntur qui totam esse placeat error.','Voluptatum magni eos sit. Facere inventore aspernatur ut consequatur. Dolorum laboriosam sit similique voluptate. Modi maiores nihil recusandae quisquam dicta.\n\nEsse ratione porro sit ratione iure voluptatem. Praesentium voluptatibus magnam quis reprehenderit ab dolorem ullam. Tempora ut animi sapiente.',7,'2019-10-22 06:59:37','2019-10-22 06:59:37'),(23,'Explicabo alias possimus placeat omnis cum et.','Fuga magni architecto enim recusandae consequatur animi consequuntur. Rerum dolorum deserunt consectetur quidem qui enim nobis voluptatibus. Eligendi occaecati natus vel fuga numquam. Et magni dolorem non reiciendis consectetur dolores quaerat.\n\nEnim ut aut ipsa placeat animi laboriosam commodi. Alias tempora est ipsum dolor. Consequatur culpa eveniet eveniet et porro est.\n\nNecessitatibus sit alias consequatur incidunt. Mollitia dolores suscipit occaecati omnis sed omnis voluptatem.',7,'2019-10-22 06:59:38','2019-10-22 06:59:38'),(24,'Autem aspernatur officiis autem voluptatem enim asperiores.','Non nihil eligendi in minus eum nemo. Molestiae tenetur ex quia ea sunt neque. Ipsum nulla aliquam corporis voluptates.\n\nUt voluptatum magnam eos doloribus facere. Adipisci ratione maxime eos ut. Et voluptas asperiores ipsum sunt nisi quis omnis. Sed sunt est est aut ut tempore nihil.',8,'2019-10-22 06:59:39','2019-10-22 06:59:39'),(25,'Sint cupiditate fuga iste officiis.','Illum quidem enim velit eius voluptatum. Molestiae dolor voluptatem sit nemo accusantium. Quaerat repudiandae maxime omnis rerum est et labore veritatis. Ad labore voluptatem nesciunt et.\n\nReiciendis nesciunt repellat voluptas at. Molestias sit et et sit repellat sint voluptatem. Magni aut molestiae quia repellendus pariatur.\n\nOmnis esse reprehenderit sunt quia ullam sed. Consectetur reiciendis id laboriosam quia natus.\n\nLabore sed molestias est tempore. Accusamus accusamus in sunt. Dolore perferendis et cumque nemo officia. Et dolorem explicabo sit et deserunt a.',8,'2019-10-22 06:59:40','2019-10-22 06:59:40'),(26,'Non facilis optio ratione esse aperiam ipsum.','Aliquid expedita omnis magnam cumque. Omnis dolores dolorem dolore iusto consectetur aliquam cum. Dolorum voluptatem sed consequatur saepe illum.\n\nCulpa illum iusto et velit fugiat ut dolorem. Dolor esse velit quis eius est. Occaecati dolores modi veniam et sit et.',8,'2019-10-22 06:59:41','2019-10-22 06:59:41'),(27,'Deserunt ipsam nobis qui voluptatem et.','Voluptas et consectetur ut similique. Et itaque iste dolore optio perferendis. Tempore iusto eos sed et. Rem quia et hic sit. Soluta non ipsum cupiditate repellat ab omnis voluptas.\n\nVero in minima praesentium. Minus ducimus eos eos quia consequatur alias ea perspiciatis. Totam soluta aspernatur nostrum ipsum. Deserunt aut ipsam quod et delectus ut voluptas. Voluptas sunt est mollitia est ut nesciunt.\n\nCommodi porro eaque natus quo laboriosam et distinctio dolor. At asperiores amet quidem qui soluta voluptate ea error. Aliquam illo quia sed sed id temporibus.\n\nDolor quia qui mollitia consequatur neque asperiores aut omnis. Eos nemo molestiae illo tenetur odio. Quo vel sequi voluptatem enim illum architecto deserunt. Sit rerum aperiam odio nemo repellat quod. Eum praesentium eius vel nam et blanditiis commodi repudiandae.',8,'2019-10-22 06:59:42','2019-10-22 06:59:42'),(28,'Vel temporibus accusamus omnis autem aspernatur ut et.','Doloremque odit in animi vero quod magni. In repellat est sed minus corporis incidunt.\n\nRepellat soluta voluptatem voluptatem adipisci amet debitis. Amet explicabo occaecati suscipit eveniet. Facere similique non eos voluptates voluptates. Molestias consequatur nisi quae at beatae vero.\n\nQui quasi accusantium sit molestiae debitis eum aut. Est ipsam veritatis sed eligendi aut qui et. Voluptatum earum sit quisquam et fugiat aperiam asperiores. Corporis placeat illo quibusdam eius commodi.',9,'2019-10-22 06:59:43','2019-10-22 06:59:43'),(29,'Debitis quisquam fugit non quis est.','Earum iste aspernatur reiciendis officia odio omnis debitis. Et commodi quia nesciunt fugit amet corporis. Aut qui ut soluta cum odit et nulla. Quis est sapiente dolor illum similique et eos.\n\nEt enim omnis iusto et non iure dicta. Atque molestias eveniet quia dicta quam minus omnis. Quasi quae rerum vel temporibus.\n\nOdio officia blanditiis reprehenderit. Nam odio et accusamus incidunt voluptatum sapiente. Ullam et quod suscipit harum provident et.',9,'2019-10-22 06:59:44','2019-10-22 06:59:44'),(30,'Nisi magnam et tempora.','Est in recusandae mollitia distinctio qui eum impedit. Et odit ut enim aut. Ex ducimus minima dolores a molestias fugiat quas aut. Distinctio repellat ut doloremque optio sapiente.\n\nSimilique dolorem nisi quia velit. Assumenda nam laudantium dolore officiis omnis quo qui quasi. Neque et voluptas consequatur rerum sint omnis adipisci. Nam quia aut enim.\n\nVoluptas inventore repellendus non quae autem qui commodi id. Eum voluptatem voluptatum quos odio praesentium aut et. Quae at voluptas est ex repellendus et nihil eum.',9,'2019-10-22 06:59:45','2019-10-22 06:59:45'),(31,'Officia dolores excepturi omnis quos molestiae.','Voluptas tempore harum sunt aut est. Eius quaerat voluptatem quas possimus enim. Ratione vel facere corporis numquam accusantium.\n\nDebitis maxime eius nam aut quidem quaerat distinctio. Aliquam harum ut ut atque autem rerum. Repellat tenetur voluptatem odio voluptas commodi saepe ipsum magni.\n\nAut neque illo voluptatem enim qui iusto qui eum. Voluptates et minus iste non incidunt rerum dolore. Ut nulla dolorem illum et. Rerum neque modi qui deserunt id iusto.\n\nQuisquam quibusdam odio velit dolor omnis. Nihil est mollitia voluptate ipsam quibusdam ut. Ipsam est ut dolorem natus sunt voluptatem. Officia voluptas dolores nulla vel debitis itaque ducimus necessitatibus.',9,'2019-10-22 06:59:46','2019-10-22 06:59:46'),(32,'Commodi reprehenderit sunt excepturi et.','Non id ducimus error nam ut placeat eius voluptatum. Dolores voluptas et aspernatur est earum. Magni veritatis qui adipisci quo sit culpa voluptatem unde. Vitae unde sequi magnam inventore consequatur.\n\nTempore maiores vel recusandae dolorum modi error. Dolor est perferendis porro veniam natus quia.\n\nUt eum voluptas illo omnis. Velit ea dicta provident tempore nostrum facilis.',10,'2019-10-22 06:59:47','2019-10-22 06:59:47'),(33,'Suscipit architecto optio quod dolores repudiandae architecto iure.','Rerum eum officia ut magnam fugiat perferendis consequatur. Molestias ratione animi consequatur maxime dolorem.\n\nEt id nulla id provident. Omnis repellat delectus quos velit repellendus quidem quae excepturi. Magni dolores architecto sed dicta sit quia. Corrupti velit odit architecto ipsum dicta voluptatem excepturi.\n\nVel perferendis distinctio et voluptas omnis recusandae nulla amet. Explicabo sit omnis ut quisquam corrupti dicta quis. Magnam vero rerum natus et.',10,'2019-10-22 06:59:48','2019-10-22 06:59:48'),(34,'Molestiae temporibus cumque soluta.','Et sunt optio veniam est non. Deserunt molestias dicta quaerat reprehenderit. Itaque culpa fuga corrupti odio qui et veniam.\n\nOdit mollitia sint quis. Hic quis expedita expedita non debitis assumenda et labore. Sit fugit a consectetur harum nam officia consequatur. Dolores nisi reiciendis rerum.\n\nAut ducimus rerum eos enim labore deleniti voluptas. Ipsa sit rerum vel id. Qui in quasi vero omnis ipsum. Et amet eos nostrum.',11,'2019-10-22 06:59:49','2019-10-22 06:59:49'),(35,'Reprehenderit dolores deserunt velit tempora sit quis.','Inventore numquam eum provident quod itaque sed. Consequatur vitae ut et ratione aut minima cumque porro. Eos magni sunt at eligendi doloribus omnis.\n\nAd in fugiat nam vitae quia. Repellat sed quis aliquam sit cumque et voluptate dolorem.\n\nCulpa perspiciatis aut omnis non beatae optio laboriosam ut. Ex officiis quis eos tempore atque facere sunt. Laudantium id ea exercitationem expedita dolore rerum. Iure commodi rerum ratione eius ex consequatur.\n\nMolestiae et delectus mollitia blanditiis. Accusamus ut quo temporibus aut. Occaecati voluptas consequatur cumque voluptatem voluptatum nihil. Suscipit et explicabo fugit reprehenderit. Magnam autem ratione repellat et.',11,'2019-10-22 06:59:50','2019-10-22 06:59:50'),(36,'Sit et exercitationem hic aut temporibus.','Autem modi optio consequuntur voluptates explicabo. Rerum officia quod et et. Ratione ullam culpa quibusdam eaque dolores. Consequatur quaerat culpa error doloremque.\n\nIpsa voluptatibus et id atque. Doloremque voluptates distinctio quibusdam autem.',11,'2019-10-22 06:59:51','2019-10-22 06:59:51'),(37,'Dolores asperiores voluptatibus at quos quisquam.','Numquam voluptas quo minus ut consequatur. Enim laborum accusamus sint optio quia sunt. Rerum minima dolores id eligendi earum. Corporis sunt numquam nisi aspernatur reiciendis et. Quod occaecati ad pariatur.\n\nMolestias voluptatem illo numquam qui id. Animi et explicabo ut dignissimos aut libero. Quae enim voluptas id beatae qui.\n\nExercitationem eos autem sequi assumenda officia non. Veniam voluptatem fugit et quia. Porro aut rerum sit ipsa magni eaque laborum. Delectus debitis ratione facere.\n\nModi minima nemo vel natus odit ipsam quaerat. Laudantium voluptas nostrum sed illo. Voluptates doloribus perspiciatis magni velit quam.',11,'2019-10-22 06:59:52','2019-10-22 06:59:52'),(38,'Recusandae eum sit eos praesentium aut.','Laboriosam quo illo numquam aperiam similique iure. Ut incidunt libero sed distinctio non quas. Sed sit vitae dolorem possimus quam.\n\nRerum quisquam autem ullam debitis quibusdam et quo at. Nihil eligendi quo deleniti libero voluptatem. Natus illo qui tenetur ex quae aut quas. Porro velit dicta omnis.\n\nSed inventore molestias ut eos et quidem. Sed magnam voluptatem ducimus aut dicta vero. Sunt commodi quia ut assumenda aut ea. Fugiat repellendus omnis ullam debitis suscipit omnis unde. Vitae suscipit voluptatum facilis enim.',11,'2019-10-22 06:59:53','2019-10-22 06:59:53'),(39,'Molestias nam id occaecati reprehenderit.','Architecto quia est sint ut ut itaque. Nihil praesentium nulla fuga aliquid hic qui sunt qui. Ut enim aspernatur ut molestias.\n\nId laborum minus tenetur assumenda libero. Sint id voluptates distinctio aut dolor aut tenetur. Voluptas consequuntur unde aliquam debitis nihil sed.\n\nSaepe iusto assumenda impedit qui esse. Asperiores ut provident iste fugit sapiente voluptatibus. Eum officiis optio et. Exercitationem accusamus aut quos porro sapiente quia voluptatem sed.',12,'2019-10-22 06:59:54','2019-10-22 06:59:54'),(40,'Quod sunt culpa eos ut dolores omnis vel.','Ex repellat et ad nostrum quod repellat autem. Expedita sed sapiente maiores distinctio blanditiis aut. Delectus qui labore quaerat doloribus sit. Est maiores eligendi neque ut.\n\nFugiat vitae reiciendis quae quasi enim. Incidunt nesciunt est beatae qui provident earum ullam. Explicabo mollitia assumenda adipisci magni odio. Enim excepturi delectus sed qui consequatur.\n\nDolores est aut non nihil cumque quaerat. Sed voluptatem qui velit unde. Neque aut saepe eum id praesentium id explicabo.',12,'2019-10-22 06:59:55','2019-10-22 06:59:55'),(41,'Placeat aspernatur et reiciendis deleniti.','Ipsum iusto a delectus qui. Totam aut minus ducimus neque ut ut quia. Voluptas molestiae qui alias voluptas ipsam. Beatae reiciendis odio recusandae sed eveniet quis dolor at.\n\nAccusamus est autem quia dolores. Incidunt doloribus ut iure provident. Enim voluptas exercitationem quia non et. Facilis incidunt reprehenderit quia quia tempora fugit provident.\n\nVeniam saepe odio asperiores explicabo quos commodi. Id quo voluptas omnis est. Nesciunt alias et vel.',12,'2019-10-22 06:59:56','2019-10-22 06:59:56'),(42,'Eum deleniti accusamus ipsam facilis quibusdam corrupti aspernatur voluptas.','Voluptatem ea sit non sed at eaque possimus. Et incidunt praesentium rerum a corporis molestiae. Nostrum et unde eveniet dicta facere exercitationem consequatur.\n\nIllum fugiat qui consequatur sit et quia. Eos odio velit illum doloribus repudiandae commodi. Qui quia ipsum fugiat nostrum. Voluptates exercitationem voluptates ab. Vitae sed facilis reiciendis qui dolor animi cumque.\n\nEa vero occaecati id iusto vel. Hic quo ad hic consequatur. Non sunt voluptatum laborum at. Sit harum ut autem.\n\nOmnis adipisci quia facere pariatur labore rerum ipsam. Asperiores velit excepturi consectetur ea necessitatibus. Voluptatem ipsa tempora molestiae dolore.',13,'2019-10-22 06:59:57','2019-10-22 06:59:57'),(43,'Excepturi perspiciatis incidunt doloremque enim nam.','Aut quo possimus nam nostrum quas itaque. Veniam et est nostrum. Similique laboriosam est libero excepturi error consequatur totam.\n\nEum nihil minima sit. Accusamus deleniti sunt ratione repellendus ex. Quo nobis fugit enim exercitationem doloribus commodi. Quod rerum dolorem recusandae recusandae dolore.',13,'2019-10-22 06:59:58','2019-10-22 06:59:58'),(44,'Doloribus ut enim perspiciatis nam eum ut.','Neque est non nihil magnam. Ex voluptatem fugit numquam. Voluptas quis dignissimos et amet quia ab. Sed tempora sequi aspernatur sapiente.\n\nHarum voluptatem quia eos tenetur incidunt magnam consequatur. Facere saepe ut ut facilis. A voluptatibus pariatur vel qui ut quod eum.\n\nEnim veritatis voluptates et exercitationem vero sit. Atque aut hic architecto ullam sunt est rerum et. Aliquam impedit nobis provident nostrum quasi. Adipisci voluptates quia non earum porro in et tenetur. Repellat expedita eos et voluptatem eum unde aut.\n\nPerspiciatis voluptatem placeat voluptas similique. A aut quam sed culpa qui accusantium et. Et sint deleniti et aut cumque suscipit.',14,'2019-10-22 06:59:59','2019-10-22 06:59:59'),(45,'Exercitationem ipsam dolores eligendi aut voluptatum et.','Qui maxime autem consequatur quod et quos. Non aut consequuntur delectus dolores cupiditate aliquam aut ea. Similique repellat praesentium ducimus. Nihil excepturi maxime dolorem ipsa aut quis totam.\n\nSit saepe nam voluptatibus perspiciatis illo velit. Fugiat consectetur totam aspernatur magnam neque. Perspiciatis et numquam doloribus.\n\nAd doloremque qui aliquam sapiente officiis sapiente quam. Rerum repudiandae at consequatur libero adipisci. Dolor sint est dolor nesciunt ut id.\n\nIn consequatur et sequi mollitia necessitatibus blanditiis nobis. Eos cumque officia esse perspiciatis quidem. Pariatur officia cum placeat et ducimus odit veniam. Ipsum dolorem hic eveniet voluptatem optio quam debitis.',14,'2019-10-22 07:00:00','2019-10-22 07:00:00'),(46,'Voluptatem blanditiis commodi sequi iusto explicabo.','Ex nemo aliquam adipisci porro. Exercitationem maxime enim eos eum enim non delectus. Expedita iste minima aut tempore rem amet nemo.\n\nConsequuntur nulla ut et molestiae quibusdam modi nemo. Commodi incidunt dolorem molestiae est. Enim illo voluptatibus maxime maxime voluptatem iure est qui.\n\nRatione quo delectus et aut velit. Enim doloremque nam nam dolores incidunt ut. Et temporibus consequuntur doloremque itaque.',15,'2019-10-22 07:00:01','2019-10-22 07:00:01'),(47,'Et culpa quis aperiam.','Eum dolores in ea fuga molestiae sit itaque reprehenderit. Libero inventore quisquam et totam iure. Debitis vitae eius nam. Nisi suscipit at nemo eligendi est non distinctio.\n\nPossimus magnam occaecati dolor assumenda. Qui qui modi tempora rerum eveniet est. Quas aut cumque sed qui beatae. Debitis quo non sequi et quia.\n\nVoluptas sapiente quam illo autem sit voluptate accusantium magnam. Nam asperiores sit et in quo repudiandae ea et. Minus veritatis enim temporibus aut velit deleniti doloribus. Necessitatibus non qui earum molestiae omnis hic.',15,'2019-10-22 07:00:02','2019-10-22 07:00:02'),(48,'Ipsum molestiae consequatur quod.','Debitis voluptas voluptatibus excepturi nobis quis cupiditate. Vel voluptate tenetur possimus velit omnis non ipsam. Quia fuga ducimus quia voluptatem. Quia ex aut in voluptas nesciunt eaque. Atque minus praesentium autem cumque minima ex iure.\n\nDebitis aut unde nulla. Quis occaecati eum sed quisquam tempore enim et. Qui sint excepturi quis at nobis odio officia.\n\nConsequatur rerum dolor nihil. Temporibus qui veritatis dolorum aut rerum ipsa temporibus. Aut et nulla dolor illum. Quo vitae quibusdam corporis voluptatem esse.\n\nAperiam reprehenderit ut eum vitae sit nesciunt occaecati nulla. Et excepturi dicta perferendis qui quae provident. Delectus dicta velit modi a consequatur doloribus quisquam. Molestias explicabo possimus molestiae omnis officiis iure.',15,'2019-10-22 07:00:03','2019-10-22 07:00:03'),(49,'Eveniet consequuntur voluptatem aliquam aspernatur ut.','Et quis voluptas non error. Repellat quam aut quia dignissimos consequuntur. Quasi vel culpa cupiditate ipsam alias ab.\n\nNam nesciunt aliquam explicabo consequatur dolore. Beatae perferendis ut non dignissimos est sed voluptatem. Alias alias aut dolorem iusto. Cupiditate dignissimos consectetur ut rerum in.\n\nNon qui quis mollitia repellat. Nobis non et quia et aut. Voluptas distinctio quia sit doloremque. Excepturi praesentium nostrum odit doloremque nemo quo.',15,'2019-10-22 07:00:04','2019-10-22 07:00:04'),(50,'Veritatis quisquam dolor perspiciatis omnis.','Voluptates quia veniam et possimus earum. Sunt minus ut et nobis veritatis. Porro accusantium aut tempore repellat doloribus. Similique voluptatem est quaerat non perspiciatis culpa inventore itaque. Qui aut et omnis.\n\nQuia optio sunt quam assumenda quisquam. Id mollitia natus sed. Culpa voluptates accusantium doloremque. Et saepe nobis delectus consequatur amet illo delectus.\n\nCum odit asperiores et quos. Eos non sit ut nihil voluptates. Rem nesciunt consequuntur autem consequatur neque ut libero doloremque. Sunt animi ipsa deleniti quo.',15,'2019-10-22 07:00:05','2019-10-22 07:00:05'),(51,'Corrupti quibusdam animi quia.','Atque eum ipsa eius suscipit. Sunt ea rerum blanditiis modi iure nulla. Tempore sint recusandae quos.\n\nCorporis et nam earum sunt suscipit aut. Sit sed aut iste.',16,'2019-10-22 07:00:06','2019-10-22 07:00:06'),(52,'Voluptas iure sunt cupiditate quia ut et.','Odio exercitationem earum et voluptatem error. Magnam quaerat consequatur corrupti inventore et sit. Dicta pariatur et suscipit dignissimos. Et et quasi dolore ullam mollitia ratione animi.\n\nEt laborum cum et ut et quidem qui. Accusantium et odio voluptatem nihil cupiditate et fuga. Consequatur omnis ex atque id consequatur corporis expedita. Voluptatem est illum asperiores vitae sunt dolore aut.',16,'2019-10-22 07:00:07','2019-10-22 07:00:07'),(53,'Vitae aut fugit minus quia non repudiandae.','In aut quos explicabo iste. Laborum sint velit pariatur aut. Voluptatibus doloremque tempora tempore. Illum eaque dolorum praesentium sequi culpa nobis repudiandae.\n\nRerum autem et accusantium officiis nostrum fugiat maiores. Sapiente exercitationem porro odit nihil praesentium dolores. Impedit dignissimos beatae quae.\n\nQuia qui rerum natus porro quia minima. Quam esse tenetur ut libero repudiandae recusandae. Voluptatibus facilis assumenda consequatur temporibus adipisci ab.',16,'2019-10-22 07:00:08','2019-10-22 07:00:08'),(54,'Quae id omnis voluptates perspiciatis.','Corrupti et nulla deserunt atque adipisci porro. Ipsam pariatur velit qui at reiciendis magni ut. Consequatur sit quis ea rerum. Consectetur ut voluptatem mollitia in quidem sint quasi nesciunt. Quis explicabo ad qui esse libero quo aperiam aut.\n\nQuia sed nisi non illum et autem. Facere minima qui fugit temporibus dolorem. Esse est neque architecto fugiat excepturi.',16,'2019-10-22 07:00:09','2019-10-22 07:00:09'),(55,'Aut ut temporibus quia deserunt repellendus libero fugiat.','Hic qui animi sint illo et iusto aut voluptate. Neque aut rerum enim sit. Iste similique totam soluta explicabo temporibus. Sequi deleniti aliquid quasi quidem commodi quas similique.\n\nPraesentium incidunt omnis animi soluta eos. Hic reprehenderit dolores aut consequatur. Ipsa at et quidem modi. Suscipit sed illo voluptatum facere.\n\nDeleniti adipisci molestiae qui veritatis assumenda non. Aut rerum ut eius nihil quidem. Voluptatem possimus omnis excepturi.',17,'2019-10-22 07:00:11','2019-10-22 07:00:11'),(56,'Officiis aspernatur itaque aut atque totam.','Amet facilis pariatur veritatis est. Quo dolorem rerum et nostrum natus. Quos totam voluptate voluptas.\n\nQui est sapiente suscipit neque alias. Eum omnis deleniti assumenda minus nihil vel et. Nihil delectus corrupti vero accusantium.\n\nAtque quia harum dolorem et sed facilis velit. Quod doloremque consectetur at aspernatur culpa. Dolorum porro deserunt quasi quasi earum qui.',17,'2019-10-22 07:00:12','2019-10-22 07:00:12'),(57,'Dolores repellat iste at.','Consequatur dolores nostrum necessitatibus omnis illo et culpa asperiores. Reiciendis ipsa dolores est eaque officia. Impedit nemo fugiat ad provident dignissimos.\n\nRerum et odit tempora eos ea. Aspernatur mollitia cupiditate iure quaerat et. Ea ipsum perspiciatis ratione tempora vero aut ut omnis.\n\nUt voluptatem omnis error sed vel laudantium dolores. Voluptate voluptatem nostrum repellendus dolor. Ex id sint doloremque earum atque temporibus. Excepturi enim odio voluptatem enim perferendis a.\n\nPossimus minus necessitatibus voluptatem aliquam soluta odit ipsum. Nemo nobis et et ducimus vero sunt ab. Aliquam aut quis ipsam officia voluptatem laboriosam sunt.',17,'2019-10-22 07:00:13','2019-10-22 07:00:13'),(58,'Repudiandae error iure et dolorem.','Dolore voluptate deserunt quidem dolorem. Id sed animi possimus pariatur ipsam officia. Nulla nemo et quae porro sunt fuga aut. Aliquam eius quae perspiciatis repellat non fugit.\n\nEt et et aliquam excepturi odio ut minus alias. Aut voluptates perspiciatis error minima sed labore. Odit minima aspernatur et voluptatum et sed sequi. Id iste explicabo aut.',17,'2019-10-22 07:00:14','2019-10-22 07:00:14'),(59,'Aliquid aspernatur in assumenda distinctio quis velit qui.','Consequatur voluptatem et enim est. Voluptas consequatur nisi aliquid illum. Et delectus et alias consequatur blanditiis quia. Corrupti eos voluptate et laudantium vero.\n\nUt iure doloribus saepe rerum pariatur et. Distinctio quia vel voluptas ab nemo autem. Laudantium et sunt asperiores ducimus rerum repellendus. Minima dolor et quas voluptatum et quam neque. Quia cumque qui quod et consequuntur quos numquam dolor.\n\nVoluptate tempora soluta eum voluptas. Hic aut eum quibusdam maxime et id voluptates dolorem.',18,'2019-10-22 07:00:15','2019-10-22 07:00:15'),(60,'Aliquid sunt et asperiores id eum voluptate.','Hic id aut nihil ut et sed. Recusandae maxime temporibus nulla natus. Nihil corporis quisquam reprehenderit autem minima maxime.\n\nVoluptates nisi mollitia esse aliquid. Sed earum quam corrupti minima ipsa. Mollitia occaecati animi et fuga sit dicta. Odit possimus temporibus et in autem.\n\nCulpa eum sequi enim qui qui quis. Quia et impedit nihil ducimus. Ipsum repellat sit eum officia quae error.\n\nEt et eligendi placeat quia laudantium. Unde dolorem numquam minima inventore aliquid ducimus. Neque qui delectus dignissimos qui quo doloremque dolor.',18,'2019-10-22 07:00:16','2019-10-22 07:00:16'),(61,'Et amet voluptatem ad inventore voluptatem odio voluptas.','Tempore autem et corporis laboriosam. Aut et aut sunt harum ducimus facere delectus. Tenetur neque pariatur dicta cumque. Voluptatem nemo totam velit odit in consequatur sint similique.\n\nPlaceat alias repellat cum maiores iste consectetur eos. Possimus voluptatem excepturi ipsa. Repudiandae saepe et odit nostrum excepturi ullam rerum. Magnam sed quia aspernatur rerum.\n\nOdit est ut delectus omnis laudantium. Modi eum quisquam quas perferendis facilis sit. Velit alias perferendis nihil aut minus. Eaque tempora perferendis non.',18,'2019-10-22 07:00:17','2019-10-22 07:00:17'),(62,'Sed corrupti illo atque aut id.','Adipisci necessitatibus vitae aut qui. Beatae itaque omnis assumenda velit. Officiis laudantium veritatis velit dignissimos voluptas. Sapiente cupiditate laboriosam dolorem.\n\nItaque et ipsum itaque doloribus recusandae beatae. Qui aut debitis at ut. Eos repellat eos vitae. Tenetur minus pariatur ullam expedita cumque et.\n\nPraesentium dolorem facilis impedit tempora voluptas voluptate. Porro numquam consectetur possimus voluptas praesentium beatae. Id sed nam sit ut dolor tempora.',18,'2019-10-22 07:00:18','2019-10-22 07:00:18'),(63,'Aperiam nisi minima provident accusamus ut.','Dolorem perspiciatis similique ut amet. Non aut repellat voluptates eum laudantium aspernatur. Reprehenderit cupiditate nesciunt voluptates est animi sapiente similique possimus. Minima repudiandae praesentium enim.\n\nSapiente ducimus praesentium qui odio ipsam ullam enim. Delectus voluptatem sunt eligendi. Aut aliquam consectetur voluptate deleniti.\n\nVoluptatem veritatis voluptas non. Vel rem quia eaque omnis quis eveniet. Adipisci non rerum voluptatibus accusantium. Quis consequatur rerum dolore laborum aliquam.',18,'2019-10-22 07:00:19','2019-10-22 07:00:19'),(64,'Eligendi autem est quam et voluptate inventore sed.','Natus voluptatibus corrupti nemo inventore ipsa et. Aut non asperiores maiores et eligendi doloremque. Consequatur quis voluptate vel suscipit et.\n\nAt id rerum recusandae consequatur. Nisi quo reprehenderit saepe et maiores eaque. Non accusamus dolor nemo.',19,'2019-10-22 07:00:20','2019-10-22 07:00:20'),(65,'Deleniti quia quos sunt laudantium ratione aliquid ut.','Dolor quia aspernatur odit quo quam ea. Et nam quasi saepe quas.\n\nEos laboriosam consequatur voluptas animi perspiciatis. Provident optio veritatis rerum quaerat est et. Beatae sed sint et autem esse. Optio repellendus nesciunt dolorum molestiae veniam odit illum sed.\n\nNostrum eum cupiditate laudantium enim eius cumque repellat. Eos quia quisquam ut sit fuga et illum.',19,'2019-10-22 07:00:21','2019-10-22 07:00:21'),(66,'Sequi quos quaerat doloribus officiis voluptatem.','Voluptatem ratione incidunt consequatur ex quam cupiditate. Rerum aut explicabo repellendus. Ipsa aut rerum laboriosam est nostrum provident.\n\nSapiente sequi nostrum architecto sit. Rerum quod molestiae quidem. Sint reprehenderit repudiandae qui aspernatur quo dolor. Soluta qui sit voluptas eius.\n\nId nesciunt modi officia eum. Libero suscipit est aut est fugit ut expedita. Nulla dolorem qui quibusdam deserunt veniam.\n\nArchitecto atque rerum quod similique itaque assumenda inventore. Dolores similique illo et deleniti molestias eos ut. A quaerat nobis eaque dolor velit blanditiis. Modi quia alias qui nihil occaecati sunt repellendus repudiandae.',20,'2019-10-22 07:00:22','2019-10-22 07:00:22'),(67,'Praesentium quia iure quam.','Quia sed eum aperiam aperiam ut explicabo. Voluptatibus velit beatae dolor earum. Aut et est temporibus culpa voluptatem dignissimos autem. Qui molestiae et consectetur vero omnis provident.\n\nIure quisquam et accusamus. Veritatis consequatur voluptas neque maxime consequatur placeat. Alias sed quidem et quia id quis odit.',20,'2019-10-22 07:00:23','2019-10-22 07:00:23'),(68,'Quaerat expedita voluptatem molestiae corporis dolorem.','Cum debitis quia et architecto dolorum qui corporis. Incidunt impedit magni nemo dicta excepturi. Inventore provident illum eos consequatur. Consequuntur nobis nihil et aperiam saepe est aut.\n\nLaudantium tempore porro repudiandae ex quod quidem amet. Dolor et voluptatem aperiam saepe rerum quis. Ducimus vero doloribus voluptatem ratione dolor iure. Molestiae doloribus explicabo totam et impedit quasi ducimus.\n\nDolor ut earum est quasi est aut. Ea est suscipit quia fugiat.\n\nInventore quisquam voluptas error. Sapiente voluptatem omnis aut aut consequuntur eligendi. Debitis omnis temporibus sunt et reprehenderit excepturi.',21,'2019-10-22 07:00:24','2019-10-22 07:00:24'),(69,'Eum minima occaecati praesentium et.','Autem vel rerum tempore id ut adipisci. Nostrum vero dolor alias rerum nesciunt. Ut quaerat perferendis quasi. Doloremque sint assumenda maiores.\n\nAut odio necessitatibus error dolores dolorem sit. Occaecati exercitationem suscipit voluptatum et a eveniet qui. Voluptatem accusamus repudiandae doloremque. Dolor ab aut optio fuga itaque debitis qui accusamus.',21,'2019-10-22 07:00:25','2019-10-22 07:00:25'),(70,'Debitis commodi corporis autem ducimus cupiditate laborum.','Qui quas sed laborum ducimus non ipsum soluta numquam. Repudiandae dolorum a esse praesentium molestiae. Aut quam quo voluptatem expedita vel.\n\nEt omnis qui libero qui nulla quibusdam excepturi dolores. Voluptatibus laborum sequi quas pariatur non aliquam nobis. Eos quas eligendi laudantium ullam blanditiis asperiores sed possimus. Sed voluptatem laudantium voluptates ipsam a ab aut. Porro autem veritatis mollitia beatae.',21,'2019-10-22 07:00:26','2019-10-22 07:00:26'),(71,'Quo pariatur cumque sunt maxime recusandae vel incidunt.','Cum quam facilis ipsa voluptas soluta ipsam eum. Optio inventore eum et.\n\nRerum non officiis et deleniti illo qui. Illum consequatur qui officia ut voluptatem. Illo alias sit iure dolor ipsum omnis.\n\nRatione molestias laudantium quidem qui nihil hic. Harum sunt quia veniam. Hic expedita quia quia qui autem commodi dicta.\n\nDucimus cupiditate velit quis in nam. Molestiae eum quae officia autem quisquam consectetur. Ad repellendus quia vel natus fugiat et vel rem. Id ut perspiciatis et magnam ut soluta cupiditate.',21,'2019-10-22 07:00:27','2019-10-22 07:00:27');
/*!40000 ALTER TABLE `entries` ENABLE KEYS */;
UNLOCK TABLES;
DROP TABLE IF EXISTS `migrations`;
/*!40101 SET @saved_cs_client     = @@character_set_client */;
/*!40101 SET character_set_client = utf8 */;
CREATE TABLE `migrations` (
  `id` int(10) unsigned NOT NULL AUTO_INCREMENT,
  `migration` varchar(255) COLLATE utf8mb4_unicode_ci NOT NULL,
  `batch` int(11) NOT NULL,
  PRIMARY KEY (`id`)
) ENGINE=InnoDB AUTO_INCREMENT=5 DEFAULT CHARSET=utf8mb4 COLLATE=utf8mb4_unicode_ci;
/*!40101 SET character_set_client = @saved_cs_client */;

LOCK TABLES `migrations` WRITE;
/*!40000 ALTER TABLE `migrations` DISABLE KEYS */;
INSERT INTO `migrations` VALUES (1,'2014_10_12_000000_create_users_table',1),(2,'2014_10_12_100000_create_password_resets_table',1),(3,'2019_10_19_002939_create_table_entries',1),(4,'2019_10_20_220344_create_tweets_table',1);
/*!40000 ALTER TABLE `migrations` ENABLE KEYS */;
UNLOCK TABLES;
DROP TABLE IF EXISTS `password_resets`;
/*!40101 SET @saved_cs_client     = @@character_set_client */;
/*!40101 SET character_set_client = utf8 */;
CREATE TABLE `password_resets` (
  `email` varchar(255) COLLATE utf8mb4_unicode_ci NOT NULL,
  `token` varchar(255) COLLATE utf8mb4_unicode_ci NOT NULL,
  `created_at` timestamp NULL DEFAULT NULL,
  KEY `password_resets_email_index` (`email`)
) ENGINE=InnoDB DEFAULT CHARSET=utf8mb4 COLLATE=utf8mb4_unicode_ci;
/*!40101 SET character_set_client = @saved_cs_client */;

LOCK TABLES `password_resets` WRITE;
/*!40000 ALTER TABLE `password_resets` DISABLE KEYS */;
/*!40000 ALTER TABLE `password_resets` ENABLE KEYS */;
UNLOCK TABLES;
DROP TABLE IF EXISTS `tweets`;
/*!40101 SET @saved_cs_client     = @@character_set_client */;
/*!40101 SET character_set_client = utf8 */;
CREATE TABLE `tweets` (
  `id` bigint(20) unsigned NOT NULL AUTO_INCREMENT,
  `tweet_id` varchar(255) COLLATE utf8mb4_unicode_ci NOT NULL,
  `tweet` longtext COLLATE utf8mb4_unicode_ci NOT NULL,
  `tweet_lookup` longtext COLLATE utf8mb4_unicode_ci NOT NULL,
  `url` longtext COLLATE utf8mb4_unicode_ci NOT NULL,
  `tweet_created_at` datetime NOT NULL,
  `hidden` tinyint(1) NOT NULL DEFAULT 0,
  `user_id` bigint(20) unsigned NOT NULL,
  `created_at` timestamp NULL DEFAULT NULL,
  `updated_at` timestamp NULL DEFAULT NULL,
  PRIMARY KEY (`id`),
  KEY `tweets_user_id_foreign` (`user_id`),
  CONSTRAINT `tweets_user_id_foreign` FOREIGN KEY (`user_id`) REFERENCES `users` (`id`)
) ENGINE=InnoDB DEFAULT CHARSET=utf8mb4 COLLATE=utf8mb4_unicode_ci;
/*!40101 SET character_set_client = @saved_cs_client */;

LOCK TABLES `tweets` WRITE;
/*!40000 ALTER TABLE `tweets` DISABLE KEYS */;
/*!40000 ALTER TABLE `tweets` ENABLE KEYS */;
UNLOCK TABLES;
DROP TABLE IF EXISTS `users`;
/*!40101 SET @saved_cs_client     = @@character_set_client */;
/*!40101 SET character_set_client = utf8 */;
CREATE TABLE `users` (
  `id` bigint(20) unsigned NOT NULL AUTO_INCREMENT,
  `name` varchar(255) COLLATE utf8mb4_unicode_ci NOT NULL,
  `email` varchar(255) COLLATE utf8mb4_unicode_ci NOT NULL,
  `email_verified_at` timestamp NULL DEFAULT NULL,
  `password` varchar(255) COLLATE utf8mb4_unicode_ci NOT NULL,
  `remember_token` varchar(100) COLLATE utf8mb4_unicode_ci DEFAULT NULL,
  `created_at` timestamp NULL DEFAULT NULL,
  `updated_at` timestamp NULL DEFAULT NULL,
  PRIMARY KEY (`id`),
  UNIQUE KEY `users_email_unique` (`email`)
) ENGINE=InnoDB AUTO_INCREMENT=24 DEFAULT CHARSET=utf8mb4 COLLATE=utf8mb4_unicode_ci;
/*!40101 SET character_set_client = @saved_cs_client */;

LOCK TABLES `users` WRITE;
/*!40000 ALTER TABLE `users` DISABLE KEYS */;
INSERT INTO `users` VALUES (1,'User Test','user@example.com','2019-10-22 06:59:16','$2y$10$92IXUNpkjO0rOQ5byMi.Ye4oKoEa3Ro9llC/.og/at2.uheWG/igi','pj0OiZZ4VE','2019-10-22 06:59:16','2019-10-22 06:59:16'),(2,'Ellen Steuber','tatum58@example.com','2019-10-22 06:59:16','$2y$10$92IXUNpkjO0rOQ5byMi.Ye4oKoEa3Ro9llC/.og/at2.uheWG/igi','ClBiGeCeyU','2019-10-22 06:59:16','2019-10-22 06:59:16'),(3,'Prof. Ben Boyer','jayde74@example.com','2019-10-22 06:59:16','$2y$10$92IXUNpkjO0rOQ5byMi.Ye4oKoEa3Ro9llC/.og/at2.uheWG/igi','c7T2XxXMof','2019-10-22 06:59:16','2019-10-22 06:59:16'),(4,'Hermann Powlowski','lockman.eveline@example.org','2019-10-22 06:59:16','$2y$10$92IXUNpkjO0rOQ5byMi.Ye4oKoEa3Ro9llC/.og/at2.uheWG/igi','KjAAipdz6e','2019-10-22 06:59:16','2019-10-22 06:59:16'),(5,'Dr. Alena Harvey DVM','mlubowitz@example.com','2019-10-22 06:59:16','$2y$10$92IXUNpkjO0rOQ5byMi.Ye4oKoEa3Ro9llC/.og/at2.uheWG/igi','lbpAI5rS4E','2019-10-22 06:59:16','2019-10-22 06:59:16'),(6,'Dr. Hellen Stiedemann','tommie20@example.net','2019-10-22 06:59:16','$2y$10$92IXUNpkjO0rOQ5byMi.Ye4oKoEa3Ro9llC/.og/at2.uheWG/igi','0PvdJT9ewc','2019-10-22 06:59:16','2019-10-22 06:59:16'),(7,'Brett Lemke Sr.','owehner@example.com','2019-10-22 06:59:16','$2y$10$92IXUNpkjO0rOQ5byMi.Ye4oKoEa3Ro9llC/.og/at2.uheWG/igi','undrMwAcQC','2019-10-22 06:59:16','2019-10-22 06:59:16'),(8,'Jaclyn Lowe','zkreiger@example.com','2019-10-22 06:59:16','$2y$10$92IXUNpkjO0rOQ5byMi.Ye4oKoEa3Ro9llC/.og/at2.uheWG/igi','sfFUZH95kz','2019-10-22 06:59:16','2019-10-22 06:59:16'),(9,'Mrs. Laury Pouros IV','ryan.wilfredo@example.net','2019-10-22 06:59:16','$2y$10$92IXUNpkjO0rOQ5byMi.Ye4oKoEa3Ro9llC/.og/at2.uheWG/igi','WIwuRYp4E0','2019-10-22 06:59:16','2019-10-22 06:59:16'),(10,'Davin Rohan','frida34@example.com','2019-10-22 06:59:16','$2y$10$92IXUNpkjO0rOQ5byMi.Ye4oKoEa3Ro9llC/.og/at2.uheWG/igi','q5cDE1519t','2019-10-22 06:59:16','2019-10-22 06:59:16'),(11,'Rosina Doyle Jr.','rigoberto.weber@example.net','2019-10-22 06:59:16','$2y$10$92IXUNpkjO0rOQ5byMi.Ye4oKoEa3Ro9llC/.og/at2.uheWG/igi','8ZbCrS0CBg','2019-10-22 06:59:16','2019-10-22 06:59:16'),(12,'Dr. Roman Windler','aohara@example.net','2019-10-22 06:59:16','$2y$10$92IXUNpkjO0rOQ5byMi.Ye4oKoEa3Ro9llC/.og/at2.uheWG/igi','SRta4WsA30','2019-10-22 06:59:16','2019-10-22 06:59:16'),(13,'Isadore Bailey','jean.wilderman@example.com','2019-10-22 06:59:16','$2y$10$92IXUNpkjO0rOQ5byMi.Ye4oKoEa3Ro9llC/.og/at2.uheWG/igi','sjpnlh6i5p','2019-10-22 06:59:16','2019-10-22 06:59:16'),(14,'Rocky Monahan DVM','murphy.lulu@example.net','2019-10-22 06:59:16','$2y$10$92IXUNpkjO0rOQ5byMi.Ye4oKoEa3Ro9llC/.og/at2.uheWG/igi','2OOBklmd7x','2019-10-22 06:59:16','2019-10-22 06:59:16'),(15,'Dudley Stehr','reinhold20@example.com','2019-10-22 06:59:16','$2y$10$92IXUNpkjO0rOQ5byMi.Ye4oKoEa3Ro9llC/.og/at2.uheWG/igi','y5z45ok132','2019-10-22 06:59:16','2019-10-22 06:59:16'),(16,'Ms. Edwina Windler','lukas70@example.com','2019-10-22 06:59:16','$2y$10$92IXUNpkjO0rOQ5byMi.Ye4oKoEa3Ro9llC/.og/at2.uheWG/igi','t8rXrbe9M7','2019-10-22 06:59:16','2019-10-22 06:59:16'),(17,'Name Prohaska','maribel.homenick@example.org','2019-10-22 06:59:16','$2y$10$92IXUNpkjO0rOQ5byMi.Ye4oKoEa3Ro9llC/.og/at2.uheWG/igi','chTcEYlSvi','2019-10-22 06:59:16','2019-10-22 06:59:16'),(18,'Urban Ruecker','bbergnaum@example.org','2019-10-22 06:59:16','$2y$10$92IXUNpkjO0rOQ5byMi.Ye4oKoEa3Ro9llC/.og/at2.uheWG/igi','1FoxQrVmPn','2019-10-22 06:59:16','2019-10-22 06:59:16'),(19,'Kavon Hamill','curt66@example.net','2019-10-22 06:59:16','$2y$10$92IXUNpkjO0rOQ5byMi.Ye4oKoEa3Ro9llC/.og/at2.uheWG/igi','ed8fxjKndQ','2019-10-22 06:59:16','2019-10-22 06:59:16'),(20,'Angie Parker DDS','jmayert@example.com','2019-10-22 06:59:16','$2y$10$92IXUNpkjO0rOQ5byMi.Ye4oKoEa3Ro9llC/.og/at2.uheWG/igi','Hrgsl9uhZL','2019-10-22 06:59:16','2019-10-22 06:59:16'),(21,'Prof. Paris Dietrich DVM','fausto02@example.org','2019-10-22 06:59:16','$2y$10$92IXUNpkjO0rOQ5byMi.Ye4oKoEa3Ro9llC/.og/at2.uheWG/igi','WA4d19K3SZ','2019-10-22 06:59:16','2019-10-22 06:59:16');
/*!40000 ALTER TABLE `users` ENABLE KEYS */;
UNLOCK TABLES;
/*!40103 SET TIME_ZONE=@OLD_TIME_ZONE */;

/*!40101 SET SQL_MODE=@OLD_SQL_MODE */;
/*!40014 SET FOREIGN_KEY_CHECKS=@OLD_FOREIGN_KEY_CHECKS */;
/*!40014 SET UNIQUE_CHECKS=@OLD_UNIQUE_CHECKS */;
/*!40101 SET CHARACTER_SET_CLIENT=@OLD_CHARACTER_SET_CLIENT */;
/*!40101 SET CHARACTER_SET_RESULTS=@OLD_CHARACTER_SET_RESULTS */;
/*!40101 SET COLLATION_CONNECTION=@OLD_COLLATION_CONNECTION */;
/*!40111 SET SQL_NOTES=@OLD_SQL_NOTES */;

